Date,Predicted,Actual
13/11/2013 00:00:00,37.4588177196287,36.98
14/11/2013 00:00:00,37.5252293096433,37.869999
15/11/2013 00:00:00,37.5871288538502,37.950001
18/11/2013 00:00:00,37.6488616803113,37.349998
19/11/2013 00:00:00,37.7104282380574,36.849998
20/11/2013 00:00:00,37.77182897491,36.919998
21/11/2013 00:00:00,37.8330643374845,37.27
22/11/2013 00:00:00,37.8941347711932,37.529999
25/11/2013 00:00:00,37.955040720249,37.93
26/11/2013 00:00:00,38.0157826276683,37.57
27/11/2013 00:00:00,38.0763609352741,37.57
29/11/2013 00:00:00,38.1367760836996,37.82
02/12/2013 00:00:00,38.1970285123912,38.09
03/12/2013 00:00:00,38.2571186596118,38.139999
04/12/2013 00:00:00,38.3170469624437,38.209999
05/12/2013 00:00:00,38.3768138567921,38.849998
06/12/2013 00:00:00,38.4364197773881,38.419998
09/12/2013 00:00:00,38.4958651577919,38.560001
10/12/2013 00:00:00,38.5551504303961,38.610001
11/12/2013 00:00:00,38.6142760264285,38.060001
12/12/2013 00:00:00,38.6732423759557,37.639999
13/12/2013 00:00:00,38.7320499078858,37.419998
16/12/2013 00:00:00,38.7906990499717,36.73
17/12/2013 00:00:00,38.8491902288142,36.939999
18/12/2013 00:00:00,38.9075238698653,36.360001
19/12/2013 00:00:00,38.9657003974308,36.509998
20/12/2013 00:00:00,39.0237202346739,36.200001
23/12/2013 00:00:00,39.0815838036181,36.810001
24/12/2013 00:00:00,39.13929152515,36.720001
26/12/2013 00:00:00,39.196843819023,37.200001
27/12/2013 00:00:00,39.2542411038594,37.580002
30/12/2013 00:00:00,39.3114837971546,37.220001
31/12/2013 00:00:00,39.3685723152791,37.400002
02/01/2014 00:00:00,39.4255070734822,37.349998
03/01/2014 00:00:00,39.4822884858946,37.200001
06/01/2014 00:00:00,39.5389169655317,36.849998
07/01/2014 00:00:00,39.5953929242965,36.330002
08/01/2014 00:00:00,39.6517167729827,36
09/01/2014 00:00:00,39.7078889212774,35.880001
10/01/2014 00:00:00,39.7639097777642,35.900002
13/01/2014 00:00:00,39.8197797499266,35.990002
14/01/2014 00:00:00,39.8754992441503,34.73
15/01/2014 00:00:00,39.9310686657265,35.900002
16/01/2014 00:00:00,39.9864884188549,36.689999
17/01/2014 00:00:00,40.0417589066464,36.830002
21/01/2014 00:00:00,40.0968805311263,36.82
22/01/2014 00:00:00,40.1518536932371,36.259998
23/01/2014 00:00:00,40.2066787928413,36.09
24/01/2014 00:00:00,40.2613562287246,37.450001
27/01/2014 00:00:00,40.3158863985985,36.869999
28/01/2014 00:00:00,40.3702696991034,36.119999
29/01/2014 00:00:00,40.4245065258113,35.98
30/01/2014 00:00:00,40.4785972732288,36.790001
31/01/2014 00:00:00,40.5325423348,36.950001
03/02/2014 00:00:00,40.5863421029094,37.740002
04/02/2014 00:00:00,40.6399969688846,36.970001
05/02/2014 00:00:00,40.693507322999,36.290001
06/02/2014 00:00:00,40.7468735544752,35.799999
07/02/2014 00:00:00,40.8000960514873,36.32
10/02/2014 00:00:00,40.8531752011639,36.630001
11/02/2014 00:00:00,40.9061113895909,36.880001
12/02/2014 00:00:00,40.9589050018145,37.349998
13/02/2014 00:00:00,41.0115564218436,37.330002
14/02/2014 00:00:00,41.0640660326531,37.389999
18/02/2014 00:00:00,41.1164342161861,37.630001
19/02/2014 00:00:00,41.1686613533573,37.220001
20/02/2014 00:00:00,41.2207478240552,37.57
21/02/2014 00:00:00,41.2726940071452,37.939999
24/02/2014 00:00:00,41.3245002804723,37.689999
25/02/2014 00:00:00,41.376167020864,37.610001
26/02/2014 00:00:00,41.4276946041326,37.580002
27/02/2014 00:00:00,41.4790834050782,37.450001
28/02/2014 00:00:00,41.5303337974917,37.98
03/03/2014 00:00:00,41.581446154157,37.919998
04/03/2014 00:00:00,41.6324208468541,38.200001
05/03/2014 00:00:00,41.6832582463615,38.25
06/03/2014 00:00:00,41.7339587224592,38.139999
07/03/2014 00:00:00,41.7845226439312,38.279999
10/03/2014 00:00:00,41.8349503785684,37.990002
11/03/2014 00:00:00,41.8852422931707,37.869999
12/03/2014 00:00:00,41.9353987535505,37.799999
13/03/2014 00:00:00,41.9854201245347,38.419998
14/03/2014 00:00:00,42.0353067699677,37.650002
17/03/2014 00:00:00,42.0850590527138,37.900002
18/03/2014 00:00:00,42.1346773346601,38.259998
19/03/2014 00:00:00,42.184161976719,39.470001
20/03/2014 00:00:00,42.2335133388308,39.25
21/03/2014 00:00:00,42.2827317799663,40.720001
24/03/2014 00:00:00,42.3318176581296,40.34
25/03/2014 00:00:00,42.3807713303605,40.66
26/03/2014 00:00:00,42.429593152737,40.48
27/03/2014 00:00:00,42.4782834803783,39.740002
28/03/2014 00:00:00,42.5268426674471,39.790001
31/03/2014 00:00:00,42.575271067152,40.43
01/04/2014 00:00:00,42.6235690317506,41.150002
02/04/2014 00:00:00,42.6717369125515,41.439999
03/04/2014 00:00:00,42.7197750599171,41.290001
04/04/2014 00:00:00,42.7676838232663,41.25
07/04/2014 00:00:00,42.8154635510768,39.959999
08/04/2014 00:00:00,42.8631145908877,39.75
09/04/2014 00:00:00,42.9106372893022,39.93
10/04/2014 00:00:00,42.9580319919897,40.439999
11/04/2014 00:00:00,43.0052990436889,39
14/04/2014 00:00:00,43.0524387882098,39.110001
15/04/2014 00:00:00,43.0994515684364,39.34
16/04/2014 00:00:00,43.1463377263293,40.060001
17/04/2014 00:00:00,43.1930976029279,40.009998
21/04/2014 00:00:00,43.2397315383532,40.130001
22/04/2014 00:00:00,43.2862398718101,39.959999
23/04/2014 00:00:00,43.33262294159,39.990002
24/04/2014 00:00:00,43.3788810850729,39.740002
25/04/2014 00:00:00,43.4250146387304,40.290001
28/04/2014 00:00:00,43.4710239381277,40.139999
29/04/2014 00:00:00,43.5169093179261,41.099998
30/04/2014 00:00:00,43.5626711118859,40.400002
01/05/2014 00:00:00,43.608309652868,40.240002
02/05/2014 00:00:00,43.6538252728372,40.310001
05/05/2014 00:00:00,43.699218302864,39.52
06/05/2014 00:00:00,43.7444890731271,39.290001
07/05/2014 00:00:00,43.7896379129161,39.220001
08/05/2014 00:00:00,43.8346651506336,39.34
09/05/2014 00:00:00,43.8795711137979,39.540001
12/05/2014 00:00:00,43.9243561290448,39.740002
13/05/2014 00:00:00,43.9690205221307,39.919998
14/05/2014 00:00:00,44.0135646179345,40.299999
15/05/2014 00:00:00,44.0579887404599,40.09
16/05/2014 00:00:00,44.1022932128383,39.669998
19/05/2014 00:00:00,44.1464783573305,39.610001
20/05/2014 00:00:00,44.1905444953294,39.68
21/05/2014 00:00:00,44.2344919473624,39.799999
22/05/2014 00:00:00,44.2783210330935,40.290001
23/05/2014 00:00:00,44.3220320713257,40.369999
27/05/2014 00:00:00,44.3656253800034,40.259998
28/05/2014 00:00:00,44.4091012762147,40.139999
29/05/2014 00:00:00,44.4524600761935,40.150002
30/05/2014 00:00:00,44.4957020953222,40.450001
02/06/2014 00:00:00,44.5388276481336,40.950001
03/06/2014 00:00:00,44.5818370483135,40.599998
04/06/2014 00:00:00,44.6247306087026,40.209999
05/06/2014 00:00:00,44.6675086412992,40.59
06/06/2014 00:00:00,44.7101714572612,41.48
09/06/2014 00:00:00,44.7527193669085,41.389999
10/06/2014 00:00:00,44.795152679725,41.029999
11/06/2014 00:00:00,44.8374717043614,40.93
12/06/2014 00:00:00,44.8796767486368,40.810001
13/06/2014 00:00:00,44.9217681195414,41.099998
16/06/2014 00:00:00,44.9637461232383,41.040001
17/06/2014 00:00:00,45.0056110650664,41.290001
18/06/2014 00:00:00,45.0473632495419,41.610001
19/06/2014 00:00:00,45.0890029803609,41.57
20/06/2014 00:00:00,45.1305305604016,41.450001
23/06/2014 00:00:00,45.1719462917264,41.73
24/06/2014 00:00:00,45.2132504755841,41.830002
25/06/2014 00:00:00,45.2544434124122,41.700001
26/06/2014 00:00:00,45.295525401839,41.93
27/06/2014 00:00:00,45.3364967426857,41.610001
30/06/2014 00:00:00,45.3773577329688,42.169998
01/07/2014 00:00:00,45.4181086699021,41.860001
02/07/2014 00:00:00,45.4587498498989,41.73
03/07/2014 00:00:00,45.499281568574,41.91
07/07/2014 00:00:00,45.5397041207461,41.75
08/07/2014 00:00:00,45.5800178004401,41.869999
09/07/2014 00:00:00,45.6202229008886,41.98
10/07/2014 00:00:00,45.6603197145345,41.369999
11/07/2014 00:00:00,45.7003085330333,41.700001
14/07/2014 00:00:00,45.7401896472547,42.220001
15/07/2014 00:00:00,45.7799633472851,42.330002
16/07/2014 00:00:00,45.8196299224296,42.509998
17/07/2014 00:00:00,45.8591896612139,45.450001
18/07/2014 00:00:00,45.898642851387,44.650002
21/07/2014 00:00:00,45.9379897799225,44.560001
22/07/2014 00:00:00,45.9772307330212,45
23/07/2014 00:00:00,46.0163659961132,45.450001
24/07/2014 00:00:00,46.0553958538597,44.93
25/07/2014 00:00:00,46.0943205901551,44.299999
28/07/2014 00:00:00,46.1331404881294,44.360001
29/07/2014 00:00:00,46.1718558301499,43.91
30/07/2014 00:00:00,46.2104668978234,44.07
31/07/2014 00:00:00,46.2489739719983,43.380001
01/08/2014 00:00:00,46.2873773327664,43.209999
04/08/2014 00:00:00,46.3256772594653,42.970001
05/08/2014 00:00:00,46.3638740306801,43.310001
06/08/2014 00:00:00,46.4019679242457,42.740002
07/08/2014 00:00:00,46.4399592172487,42.84
08/08/2014 00:00:00,46.4778481860291,43.23
11/08/2014 00:00:00,46.5156351061831,43.259998
12/08/2014 00:00:00,46.5533202525642,43.040001
13/08/2014 00:00:00,46.5909038992859,43.68
14/08/2014 00:00:00,46.6283863197233,44.080002
15/08/2014 00:00:00,46.6657677865151,44.580002
18/08/2014 00:00:00,46.7030485715659,44.939999
19/08/2014 00:00:00,46.7402289460478,44.970001
20/08/2014 00:00:00,46.7773091804027,45.34
21/08/2014 00:00:00,46.8142895443438,44.84
22/08/2014 00:00:00,46.8511703068582,45.349998
25/08/2014 00:00:00,46.8879517362084,45.400002
26/08/2014 00:00:00,46.9246340999342,45.310001
27/08/2014 00:00:00,46.9612176648552,44.900002
28/08/2014 00:00:00,46.9977026970719,44.75
29/08/2014 00:00:00,47.0340894619685,45.09
02/09/2014 00:00:00,47.0703782242142,45.43
03/09/2014 00:00:00,47.1065692477654,44.529999
04/09/2014 00:00:00,47.1426627958676,44.740002
05/09/2014 00:00:00,47.1786591310571,45.110001
08/09/2014 00:00:00,47.2145585151635,46.02
09/09/2014 00:00:00,47.2503612093108,46.470001
10/09/2014 00:00:00,47.2860674739199,46.82
11/09/2014 00:00:00,47.3216775687102,46.740002
12/09/2014 00:00:00,47.3571917527017,46.91
15/09/2014 00:00:00,47.3926102842166,46.540001
16/09/2014 00:00:00,47.4279334208815,46.389999
17/09/2014 00:00:00,47.463161419629,46.259998
18/09/2014 00:00:00,47.4982945366999,46.59
19/09/2014 00:00:00,47.5333330276445,46.810001
22/09/2014 00:00:00,47.5682771473251,47.299999
23/09/2014 00:00:00,47.6031271499175,46.849998
24/09/2014 00:00:00,47.6378832889128,46.630001
25/09/2014 00:00:00,47.6725458171196,46.880001
26/09/2014 00:00:00,47.7071149866652,45.93
29/09/2014 00:00:00,47.7415910489983,45.98
30/09/2014 00:00:00,47.77597425489,46.369999
01/10/2014 00:00:00,47.8102648544361,46.27
02/10/2014 00:00:00,47.8444630970588,45.830002
03/10/2014 00:00:00,47.8785692315087,45.98
06/10/2014 00:00:00,47.912583505866,46.119999
07/10/2014 00:00:00,47.9465061675432,45.860001
08/10/2014 00:00:00,47.980337463286,45.48
09/10/2014 00:00:00,48.014077639176,46.5
10/10/2014 00:00:00,48.0477269406315,45.599998
13/10/2014 00:00:00,48.0812856124102,43.82
14/10/2014 00:00:00,48.1147538986104,43.869999
15/10/2014 00:00:00,48.148132042673,43
16/10/2014 00:00:00,48.1814202873831,42.529999
17/10/2014 00:00:00,48.2146188748722,43.200001
20/10/2014 00:00:00,48.2477280466193,43.060001
21/10/2014 00:00:00,48.2807480434532,44.360001
22/10/2014 00:00:00,48.3136791055541,45
23/10/2014 00:00:00,48.3465214724551,44.619999
24/10/2014 00:00:00,48.3792753830445,46.830002
27/10/2014 00:00:00,48.4119410755667,45.709999
28/10/2014 00:00:00,48.444518787625,45.860001
29/10/2014 00:00:00,48.4770087561822,46.439999
30/10/2014 00:00:00,48.5094112175632,46.32
31/10/2014 00:00:00,48.5417264074564,46.939999
03/11/2014 00:00:00,48.5739545609152,46.889999
04/11/2014 00:00:00,48.6060959123601,47.299999
05/11/2014 00:00:00,48.6381506955802,47.799999
06/11/2014 00:00:00,48.6701191437348,47.860001
07/11/2014 00:00:00,48.7020014893553,48.919998
10/11/2014 00:00:00,48.7337979643468,48.650002
11/11/2014 00:00:00,48.7655087999899,48.849998
12/11/2014 00:00:00,48.797134226942,48.560001
13/11/2014 00:00:00,48.8286744752396,48.810001
14/11/2014 00:00:00,48.8601297742994,49.740002
17/11/2014 00:00:00,48.8915003529203,49.41
18/11/2014 00:00:00,48.922786439285,49.130001
19/11/2014 00:00:00,48.9539882609613,48.66
20/11/2014 00:00:00,48.9851060449046,48
21/11/2014 00:00:00,49.0161400174585,49.02
24/11/2014 00:00:00,49.0470904043575,47.990002
25/11/2014 00:00:00,49.0779574307276,47.66
26/11/2014 00:00:00,49.1087413210889,47.490002
28/11/2014 00:00:00,49.1394422993565,47.950001
01/12/2014 00:00:00,49.1700605888424,47.880001
02/12/2014 00:00:00,49.2005964122574,48.84
03/12/2014 00:00:00,49.2310499917123,48.439999
04/12/2014 00:00:00,49.2614215487195,48.389999
05/12/2014 00:00:00,49.2917113041952,48.82
08/12/2014 00:00:00,49.3219194784602,48.259998
09/12/2014 00:00:00,49.3520462912421,47.110001
10/12/2014 00:00:00,49.3820919616767,47.580002
11/12/2014 00:00:00,49.4120567083094,47.080002
12/12/2014 00:00:00,49.4419407490973,46.779999
15/12/2014 00:00:00,49.4717443014102,47.200001
16/12/2014 00:00:00,49.5014675820324,45.900002
17/12/2014 00:00:00,49.5311108071647,45.049999
18/12/2014 00:00:00,49.5606741924251,46.580002
19/12/2014 00:00:00,49.5901579528513,47.630001
22/12/2014 00:00:00,49.6195623029014,47.779999
23/12/2014 00:00:00,49.6488874564564,48.369999
24/12/2014 00:00:00,49.6781336268207,48.639999
26/12/2014 00:00:00,49.7073010267247,48.41
29/12/2014 00:00:00,49.7363898683253,47.700001
30/12/2014 00:00:00,49.7654003632085,47.439999
31/12/2014 00:00:00,49.7943327223902,46.73
02/01/2015 00:00:00,49.8231871563179,46.66
05/01/2015 00:00:00,49.8519638748723,46.369999
06/01/2015 00:00:00,49.8806630873689,46.380001
07/01/2015 00:00:00,49.9092850025594,45.98
08/01/2015 00:00:00,49.9378298286333,46.75
09/01/2015 00:00:00,49.9662977732193,47.610001
12/01/2015 00:00:00,49.994689043387,47.419998
13/01/2015 00:00:00,50.023003845648,46.970001
14/01/2015 00:00:00,50.051242385958,45.959999
15/01/2015 00:00:00,50.079404869718,46.220001
16/01/2015 00:00:00,50.1074915017754,45.310001
20/01/2015 00:00:00,50.1355024864263,46.299999
21/01/2015 00:00:00,50.1634380274164,45.939999
22/01/2015 00:00:00,50.1912983279425,46.380001
23/01/2015 00:00:00,50.2190835906544,47.360001
26/01/2015 00:00:00,50.2467940176558,47
27/01/2015 00:00:00,50.2744298105063,42.950001
28/01/2015 00:00:00,50.3019911702224,42.740002
29/01/2015 00:00:00,50.3294782972794,40.93
30/01/2015 00:00:00,50.3568913916126,41.549999
02/02/2015 00:00:00,50.3842306526187,40.59
03/02/2015 00:00:00,50.4114962791574,41.630001
04/02/2015 00:00:00,50.4386884695528,41.939999
05/02/2015 00:00:00,50.465807421595,42.220001
06/02/2015 00:00:00,50.4928533325411,42.68
09/02/2015 00:00:00,50.5198263991171,42.240002
10/02/2015 00:00:00,50.5467268175191,42.740002
11/02/2015 00:00:00,50.5735547834148,42.650002
12/02/2015 00:00:00,50.6003104919448,42.66
13/02/2015 00:00:00,50.6269941377242,43.380001
17/02/2015 00:00:00,50.653605914844,43.970001
18/02/2015 00:00:00,50.6801460168723,43.630001
19/02/2015 00:00:00,50.7066146368559,43.18
20/02/2015 00:00:00,50.7330119673217,43.509998
23/02/2015 00:00:00,50.759338200278,43.700001
24/02/2015 00:00:00,50.785593527216,44.150002
25/02/2015 00:00:00,50.8117781391111,43.950001
26/02/2015 00:00:00,50.8378922264244,43.990002
27/02/2015 00:00:00,50.8639359791039,44.130001
02/03/2015 00:00:00,50.8899095865861,43.669998
03/03/2015 00:00:00,50.9158132377973,43.560001
04/03/2015 00:00:00,50.9416471211549,43.009998
05/03/2015 00:00:00,50.9674114245688,43.07
06/03/2015 00:00:00,50.9931063354428,43
09/03/2015 00:00:00,51.0187320406761,42.189999
10/03/2015 00:00:00,51.0442887266643,42.349998
11/03/2015 00:00:00,51.069776579301,42.310001
12/03/2015 00:00:00,51.0951957839793,41.330002
13/03/2015 00:00:00,51.1205465255929,40.700001
16/03/2015 00:00:00,51.1458289885373,41.470001
17/03/2015 00:00:00,51.1710433567116,41.369999
18/03/2015 00:00:00,51.1961898135196,41.43
19/03/2015 00:00:00,51.2212685418709,42.259998
20/03/2015 00:00:00,51.2462797241827,42.560001
23/03/2015 00:00:00,51.2712235423807,42.880001
24/03/2015 00:00:00,51.2961001779009,42.779999
25/03/2015 00:00:00,51.3209098116902,42.919998
26/03/2015 00:00:00,51.3456526242084,41.220001
27/03/2015 00:00:00,51.3703287954294,41.119999
30/03/2015 00:00:00,51.3949385048421,41.099998
31/03/2015 00:00:00,51.4194819314519,40.779999
01/04/2015 00:00:00,51.4439592537825,40.599998
02/04/2015 00:00:00,51.4683706498764,40.66
06/04/2015 00:00:00,51.4927162972966,40.34
07/04/2015 00:00:00,51.5169963731281,41.610001
08/04/2015 00:00:00,51.5412110539786,41.459999
09/04/2015 00:00:00,51.5653605159805,41.25
10/04/2015 00:00:00,51.5894449347914,41.630001
13/04/2015 00:00:00,51.6134644855963,41.400002
14/04/2015 00:00:00,51.6374193431078,41.799999
15/04/2015 00:00:00,51.6613096815685,41.759998
16/04/2015 00:00:00,51.6851356747511,41.950001
17/04/2015 00:00:00,51.7088974959609,41.669998
20/04/2015 00:00:00,51.7325953180359,41.73
21/04/2015 00:00:00,51.7562293133489,43
22/04/2015 00:00:00,51.7797996538083,42.669998
23/04/2015 00:00:00,51.8033065108595,42.889999
24/04/2015 00:00:00,51.8267500554862,45.66
27/04/2015 00:00:00,51.8501304582116,47.23
28/04/2015 00:00:00,51.8734478890994,47.779999
29/04/2015 00:00:00,51.8967025177556,48.720001
30/04/2015 00:00:00,51.9198945133291,48.700001
01/05/2015 00:00:00,51.9430240445133,48.580002
04/05/2015 00:00:00,51.9660912795473,48.369999
05/05/2015 00:00:00,51.9890963862172,47.82
06/05/2015 00:00:00,52.0120395318568,47.57
07/05/2015 00:00:00,52.0349208833496,46.27
08/05/2015 00:00:00,52.0577406071295,47.549999
11/05/2015 00:00:00,52.080498869182,47.549999
12/05/2015 00:00:00,52.1031958350457,46.849998
13/05/2015 00:00:00,52.1258316698133,48.189999
14/05/2015 00:00:00,52.1484065381327,48.029999
15/05/2015 00:00:00,52.1709206042087,48.869999
18/05/2015 00:00:00,52.1933740318036,47.98
19/05/2015 00:00:00,52.2157669842385,47.560001
20/05/2015 00:00:00,52.2380996243948,47.389999
21/05/2015 00:00:00,52.2603721147153,47.279999
22/05/2015 00:00:00,52.282584617205,47.299999
26/05/2015 00:00:00,52.3047372934328,46.830002
27/05/2015 00:00:00,52.3268303045323,46.82
28/05/2015 00:00:00,52.3488638112032,47.5
29/05/2015 00:00:00,52.3708379737123,47.43
01/06/2015 00:00:00,52.3927529518949,47.060001
02/06/2015 00:00:00,52.4146089051555,46.93
03/06/2015 00:00:00,52.4364059924696,47.369999
04/06/2015 00:00:00,52.4581443723843,46.790001
05/06/2015 00:00:00,52.4798242030197,46.310001
08/06/2015 00:00:00,52.5014456420703,46.299999
09/06/2015 00:00:00,52.5230088468054,45.759998
10/06/2015 00:00:00,52.5445139740711,45.790001
11/06/2015 00:00:00,52.5659611802908,46.66
12/06/2015 00:00:00,52.5873506214669,46.220001
15/06/2015 00:00:00,52.6086824531813,45.450001
16/06/2015 00:00:00,52.6299568305971,45.349998
17/06/2015 00:00:00,52.6511739084594,45.73
18/06/2015 00:00:00,52.6723338410964,46.220001
19/06/2015 00:00:00,52.6934367824209,46.790001
22/06/2015 00:00:00,52.7144828859309,46.330002
23/06/2015 00:00:00,52.7354723047112,46.130001
24/06/2015 00:00:00,52.7564051914341,45.669998
25/06/2015 00:00:00,52.7772816983607,46.029999
26/06/2015 00:00:00,52.7981019773422,45.650002
29/06/2015 00:00:00,52.8188661798206,45.040001
30/06/2015 00:00:00,52.8395744568302,44.709999
01/07/2015 00:00:00,52.8602269589984,44.459999
02/07/2015 00:00:00,52.8808238365468,44.48
06/07/2015 00:00:00,52.9013652392926,43.959999
07/07/2015 00:00:00,52.9218513166495,44.34
08/07/2015 00:00:00,52.9422822176285,44.439999
09/07/2015 00:00:00,52.9626580908395,44.75
10/07/2015 00:00:00,52.9829790844921,45.009998
13/07/2015 00:00:00,53.0032453463967,44.98
14/07/2015 00:00:00,53.0234570239656,45.450001
15/07/2015 00:00:00,53.043614264214,45.68
16/07/2015 00:00:00,53.0637172137613,46.009998
17/07/2015 00:00:00,53.0837660188318,46.549999
20/07/2015 00:00:00,53.1037608252561,46.650002
21/07/2015 00:00:00,53.1237017784719,46.779999
22/07/2015 00:00:00,53.1435890235254,45.439999
23/07/2015 00:00:00,53.163422705072,45.27
24/07/2015 00:00:00,53.1832029673774,45.91
27/07/2015 00:00:00,53.2029299543188,45.939999
28/07/2015 00:00:00,53.2226038093861,45.580002
29/07/2015 00:00:00,53.2422246756825,45.400002
30/07/2015 00:00:00,53.2617926959257,46.259998
31/07/2015 00:00:00,53.2813080124493,47.290001
03/08/2015 00:00:00,53.3007707672033,46.98
04/08/2015 00:00:00,53.3201811017554,46.75
05/08/2015 00:00:00,53.3395391572922,47.98
06/08/2015 00:00:00,53.3588450746199,47.709999
07/08/2015 00:00:00,53.3780989941653,46.389999
10/08/2015 00:00:00,53.3973010559772,46.950001
11/08/2015 00:00:00,53.4164513997272,46.82
12/08/2015 00:00:00,53.4355501647106,46.189999
13/08/2015 00:00:00,53.4545974898477,47.060001
14/08/2015 00:00:00,53.4735935136843,46.529999
17/08/2015 00:00:00,53.4925383743934,46.810001
18/08/2015 00:00:00,53.5114322097757,46.84
19/08/2015 00:00:00,53.5302751572608,46.779999
20/08/2015 00:00:00,53.549067353908,46.07
21/08/2015 00:00:00,53.5678089364076,45.299999
24/08/2015 00:00:00,53.5865000410818,40.450001
25/08/2015 00:00:00,53.6051408038855,42.57
26/08/2015 00:00:00,53.6237313604075,42.009998
27/08/2015 00:00:00,53.6422718458713,43.23
28/08/2015 00:00:00,53.6607623951363,43.400002
31/08/2015 00:00:00,53.6792031426988,43.560001
01/09/2015 00:00:00,53.6975942226925,42.169998
02/09/2015 00:00:00,53.7159357688901,42.360001
03/09/2015 00:00:00,53.734227914704,43.41
04/09/2015 00:00:00,53.7524707931871,42.810001
08/09/2015 00:00:00,53.7706645370342,43.299999
09/09/2015 00:00:00,53.7888092785824,44.209999
10/09/2015 00:00:00,53.8069051498126,43.119999
11/09/2015 00:00:00,53.8249522823502,43.139999
14/09/2015 00:00:00,53.8429508074659,43.43
15/09/2015 00:00:00,53.8609008560771,43.189999
16/09/2015 00:00:00,53.8788025587485,43.970001
17/09/2015 00:00:00,53.8966560456929,44.290001
18/09/2015 00:00:00,53.9144614467728,43.5
21/09/2015 00:00:00,53.9322188915007,43.619999
22/09/2015 00:00:00,53.9499285090403,43.380001
23/09/2015 00:00:00,53.9675904282074,43.93
24/09/2015 00:00:00,53.9852047774709,43.450001
25/09/2015 00:00:00,54.0027716849537,44.48
28/09/2015 00:00:00,54.0202912784335,43.830002
29/09/2015 00:00:00,54.037763685344,43.369999
30/09/2015 00:00:00,54.0551890327756,43.880001
01/10/2015 00:00:00,54.0725674474764,44.75
02/10/2015 00:00:00,54.0898990558532,44.27
05/10/2015 00:00:00,54.1071839839721,45.75
06/10/2015 00:00:00,54.12442235756,46.330002
07/10/2015 00:00:00,54.141614302005,47.099998
08/10/2015 00:00:00,54.1587599423574,46.560001
09/10/2015 00:00:00,54.1758594033308,47.450001
12/10/2015 00:00:00,54.1929128093029,46.98
13/10/2015 00:00:00,54.2099202843164,46.560001
14/10/2015 00:00:00,54.2268819520799,46.650002
15/10/2015 00:00:00,54.2437979359688,47.009998
16/10/2015 00:00:00,54.2606683590262,47.02
19/10/2015 00:00:00,54.2774933439638,47.419998
20/10/2015 00:00:00,54.2942730131629,47.439999
21/10/2015 00:00:00,54.311007488675,47.919998
22/10/2015 00:00:00,54.327696892223,47.529999
23/10/2015 00:00:00,54.3443413452018,52.299999
26/10/2015 00:00:00,54.3609409686797,52.529999
27/10/2015 00:00:00,54.3774958833985,53.990002
28/10/2015 00:00:00,54.3940062097749,53.540001
29/10/2015 00:00:00,54.4104720679016,53.540001
30/10/2015 00:00:00,54.4268935775474,53.32
02/11/2015 00:00:00,54.4432708581587,52.849998
03/11/2015 00:00:00,54.4596040288604,52.93
04/11/2015 00:00:00,54.4758932084562,54.18
05/11/2015 00:00:00,54.49213851543,54.490002
06/11/2015 00:00:00,54.5083400679466,54.09
09/11/2015 00:00:00,54.5244979838525,54.549999
10/11/2015 00:00:00,54.5406123806767,54.07
11/11/2015 00:00:00,54.5566833756318,53.700001
12/11/2015 00:00:00,54.5727110856147,53.48
13/11/2015 00:00:00,54.5886956272074,53.07
16/11/2015 00:00:00,54.6046371166778,53.080002
17/11/2015 00:00:00,54.6205356699809,53.169998
18/11/2015 00:00:00,54.6363914027592,53
19/11/2015 00:00:00,54.6522044303437,53.990002
20/11/2015 00:00:00,54.6679748677549,54.25
23/11/2015 00:00:00,54.6837028297036,54.25
24/11/2015 00:00:00,54.6993884305913,53.919998
25/11/2015 00:00:00,54.7150317845116,54.09
27/11/2015 00:00:00,54.730633005251,53.799999
30/11/2015 00:00:00,54.746192206289,54.540001
01/12/2015 00:00:00,54.7617095008001,54.41
02/12/2015 00:00:00,54.7771850016534,55.32
03/12/2015 00:00:00,54.7926188214143,55.490002
04/12/2015 00:00:00,54.8080110723452,54.119999
07/12/2015 00:00:00,54.8233618664056,55.790001
08/12/2015 00:00:00,54.838671315254,55.470001
09/12/2015 00:00:00,54.8539395302478,55.369999
10/12/2015 00:00:00,54.8691666224447,55.389999
11/12/2015 00:00:00,54.8843527026032,54.709999
14/12/2015 00:00:00,54.8994978811834,54.330002
15/12/2015 00:00:00,54.914602268348,55.66
16/12/2015 00:00:00,54.9296659739629,55.540001
17/12/2015 00:00:00,54.9446891075983,56.360001
18/12/2015 00:00:00,54.959671778529,55.77
21/12/2015 00:00:00,54.9746140957356,54.880001
22/12/2015 00:00:00,54.9895161679054,54.990002
23/12/2015 00:00:00,55.0043781034325,55.700001
24/12/2015 00:00:00,55.0192000104196,55.860001
28/12/2015 00:00:00,55.0339819966777,55.349998
29/12/2015 00:00:00,55.0487241697279,56.290001
30/12/2015 00:00:00,55.0634266368014,56.470001
31/12/2015 00:00:00,55.0780895048406,56.040001
04/01/2016 00:00:00,55.0927128805001,54.32
05/01/2016 00:00:00,55.107296870147,54.93
06/01/2016 00:00:00,55.1218415798621,54.32
07/01/2016 00:00:00,55.1363471154402,52.700001
08/01/2016 00:00:00,55.1508135823915,52.369999
11/01/2016 00:00:00,55.1652410859419,52.509998
12/01/2016 00:00:00,55.1796297310337,52.759998
13/01/2016 00:00:00,55.1939796223269,53.799999
14/01/2016 00:00:00,55.2082908641993,52
15/01/2016 00:00:00,55.2225635607477,51.310001
19/01/2016 00:00:00,55.2367978157886,51.48
20/01/2016 00:00:00,55.2509937328587,49.98
21/01/2016 00:00:00,55.265151415216,51
22/01/2016 00:00:00,55.2792709658404,51.41
25/01/2016 00:00:00,55.2933524874344,51.939999
26/01/2016 00:00:00,55.3073960824237,51.790001
27/01/2016 00:00:00,55.3214018529584,52.009998
28/01/2016 00:00:00,55.3353699009134,51.860001
29/01/2016 00:00:00,55.3493003278891,54.73
01/02/2016 00:00:00,55.3631932352124,54.880001
02/02/2016 00:00:00,55.3770487239372,54.169998
03/02/2016 00:00:00,55.3908668948452,53.25
04/02/2016 00:00:00,55.4046478484468,52.099998
05/02/2016 00:00:00,55.4183916849816,51.939999
08/02/2016 00:00:00,55.4320985044191,49.549999
09/02/2016 00:00:00,55.4457684064597,49.02
10/02/2016 00:00:00,55.4594014905353,49.889999
11/02/2016 00:00:00,55.47299785581,48.68
12/02/2016 00:00:00,55.4865576011805,50.25
16/02/2016 00:00:00,55.5000808252776,50.900002
17/02/2016 00:00:00,55.5135676264661,51.490002
18/02/2016 00:00:00,55.527018102846,52.330002
19/02/2016 00:00:00,55.5404323522532,51.970001
22/02/2016 00:00:00,55.5538104722599,52.279999
23/02/2016 00:00:00,55.5671525601756,52.34
24/02/2016 00:00:00,55.5804587130476,50.689999
25/02/2016 00:00:00,55.593729027662,51.73
26/02/2016 00:00:00,55.606963600544,52.599998
29/02/2016 00:00:00,55.6201625279592,51.349998
01/03/2016 00:00:00,55.6333259059134,50.970001
02/03/2016 00:00:00,55.6464538301542,52.41
03/03/2016 00:00:00,55.6595463961712,52.970001
04/03/2016 00:00:00,55.6726036991968,52.400002
07/03/2016 00:00:00,55.685625834207,51.560001
08/03/2016 00:00:00,55.6986128959218,50.799999
09/03/2016 00:00:00,55.7115649788064,51.889999
10/03/2016 00:00:00,55.7244821770711,52.93
11/03/2016 00:00:00,55.737364584673,53
14/03/2016 00:00:00,55.7502122953157,52.709999
15/03/2016 00:00:00,55.7630254024506,52.75
16/03/2016 00:00:00,55.7758039992775,53.450001
17/03/2016 00:00:00,55.788548178745,54.209999
18/03/2016 00:00:00,55.8012580335515,54.919998
21/03/2016 00:00:00,55.8139336561456,53.25
22/03/2016 00:00:00,55.826575138727,53.610001
23/03/2016 00:00:00,55.839182573247,54.110001
24/03/2016 00:00:00,55.8517560514093,53.84
28/03/2016 00:00:00,55.8642956646706,54.209999
29/03/2016 00:00:00,55.8768015042413,53.66
30/03/2016 00:00:00,55.8892736610861,54.93
31/03/2016 00:00:00,55.9017122259246,54.950001
01/04/2016 00:00:00,55.9141172892322,55.049999
04/04/2016 00:00:00,55.9264889412406,55.43
05/04/2016 00:00:00,55.9388272719385,55.189999
06/04/2016 00:00:00,55.9511323710721,54.360001
07/04/2016 00:00:00,55.963404328146,54.869999
08/04/2016 00:00:00,55.9756432324237,54.669998
11/04/2016 00:00:00,55.9878491729283,54.490002
12/04/2016 00:00:00,56.000022238443,54.369999
13/04/2016 00:00:00,56.012162517512,55.119999
14/04/2016 00:00:00,56.0242700984411,55.220001
15/04/2016 00:00:00,56.0363450692981,55.299999
18/04/2016 00:00:00,56.0483875179136,55.490002
19/04/2016 00:00:00,56.0603975318818,56.630001
20/04/2016 00:00:00,56.0723751985608,56.290001
21/04/2016 00:00:00,56.0843206050735,55.799999
22/04/2016 00:00:00,56.0962338383081,51.91
25/04/2016 00:00:00,56.1081149849189,51.779999
26/04/2016 00:00:00,56.1199641313267,52.259998
27/04/2016 00:00:00,56.1317813637196,51.48
28/04/2016 00:00:00,56.1435667680534,50.619999
29/04/2016 00:00:00,56.1553204300526,49.349998
02/05/2016 00:00:00,56.1670424352107,50
03/05/2016 00:00:00,56.1787328687911,50.34
04/05/2016 00:00:00,56.1903918158272,49.84
05/05/2016 00:00:00,56.2020193611237,49.869999
06/05/2016 00:00:00,56.2136155892568,49.919998
09/05/2016 00:00:00,56.2251805845748,50.490002
10/05/2016 00:00:00,56.2367144311991,50.330002
11/05/2016 00:00:00,56.2482172130241,51.130001
12/05/2016 00:00:00,56.2596890137187,51.200001
13/05/2016 00:00:00,56.2711299167261,51.439999
16/05/2016 00:00:00,56.2825400052649,50.799999
17/05/2016 00:00:00,56.2939193623296,51.720001
18/05/2016 00:00:00,56.3052680706911,50.48
19/05/2016 00:00:00,56.3165862128973,50.470001
20/05/2016 00:00:00,56.327873871274,50.48
23/05/2016 00:00:00,56.3391311279251,50.599998
24/05/2016 00:00:00,56.3503580647333,50.700001
25/05/2016 00:00:00,56.3615547633609,51.919998
26/05/2016 00:00:00,56.3727213052502,51.93
27/05/2016 00:00:00,56.3838577716241,51.919998
31/05/2016 00:00:00,56.3949642434868,52.259998
01/06/2016 00:00:00,56.4060408016244,52.439999
02/06/2016 00:00:00,56.4170875266052,52.639999
03/06/2016 00:00:00,56.4281044987807,52.380001
06/06/2016 00:00:00,56.4390917982859,51.990002
07/06/2016 00:00:00,56.45004950504,52.240002
08/06/2016 00:00:00,56.4609776987469,52.02
09/06/2016 00:00:00,56.4718764588959,52
10/06/2016 00:00:00,56.482745864762,51.049999
13/06/2016 00:00:00,56.4935859954071,49.580002
14/06/2016 00:00:00,56.5043969296797,49.900002
15/06/2016 00:00:00,56.5151787462162,49.779999
16/06/2016 00:00:00,56.5259315234412,49.52
17/06/2016 00:00:00,56.5366553395679,50.41
20/06/2016 00:00:00,56.547350272599,50.639999
21/06/2016 00:00:00,56.5580164003272,50.200001
22/06/2016 00:00:00,56.5686538003353,51.080002
23/06/2016 00:00:00,56.5792625499977,51.279999
24/06/2016 00:00:00,56.5898427264798,49.810001
27/06/2016 00:00:00,56.6003944067396,49.099998
28/06/2016 00:00:00,56.6109176675276,48.919998
29/06/2016 00:00:00,56.6214125853878,49.91
30/06/2016 00:00:00,56.6318792366577,50.720001
01/07/2016 00:00:00,56.6423176974696,51.130001
05/07/2016 00:00:00,56.6527280437505,50.830002
06/07/2016 00:00:00,56.6631103512228,50.779999
07/07/2016 00:00:00,56.6734646954053,51.419998
08/07/2016 00:00:00,56.6837911516131,51.73
11/07/2016 00:00:00,56.6940897949586,52.5
12/07/2016 00:00:00,56.7043607003518,52.939999
13/07/2016 00:00:00,56.7146039425009,53.560001
14/07/2016 00:00:00,56.7248195959132,53.84
15/07/2016 00:00:00,56.7350077348949,53.950001
18/07/2016 00:00:00,56.7451684335523,53.700001
19/07/2016 00:00:00,56.7553017657922,53.709999
20/07/2016 00:00:00,56.765407805322,56.150002
21/07/2016 00:00:00,56.7754866256509,55.98
22/07/2016 00:00:00,56.78553830009,56.080002
25/07/2016 00:00:00,56.795562901753,56.470001
26/07/2016 00:00:00,56.8055605035565,56.52
27/07/2016 00:00:00,56.815531178221,56.610001
28/07/2016 00:00:00,56.8254749982708,56
29/07/2016 00:00:00,56.8353920360352,56.259998
01/08/2016 00:00:00,56.8452823636484,56.599998
02/08/2016 00:00:00,56.8551460530505,56.849998
03/08/2016 00:00:00,56.8649831759878,56.68
04/08/2016 00:00:00,56.8747938040133,56.799999
05/08/2016 00:00:00,56.8845780084874,57.650002
08/08/2016 00:00:00,56.8943358605782,58.060001
09/08/2016 00:00:00,56.9040674312622,58.169998
10/08/2016 00:00:00,56.9137727913246,58.16
11/08/2016 00:00:00,56.9234520113601,58.029999
12/08/2016 00:00:00,56.9331051617731,58.029999
15/08/2016 00:00:00,56.9427323127786,58.009998
16/08/2016 00:00:00,56.9523335344023,57.610001
17/08/2016 00:00:00,56.9619088964814,57.540001
18/08/2016 00:00:00,56.9714584686649,57.419998
19/08/2016 00:00:00,56.9809823204143,57.43
22/08/2016 00:00:00,56.9904805210039,57.599998
23/08/2016 00:00:00,56.9999531395217,57.900002
24/08/2016 00:00:00,57.0094002448692,57.799999
25/08/2016 00:00:00,57.0188219057627,57.880001
26/08/2016 00:00:00,57.0282181907332,58.279999
29/08/2016 00:00:00,57.0375891681272,58.18
30/08/2016 00:00:00,57.0469349061071,57.98
31/08/2016 00:00:00,57.0562554726518,57.650002
01/09/2016 00:00:00,57.0655509355569,57.009998
02/09/2016 00:00:00,57.0748213624357,57.669998
06/09/2016 00:00:00,57.0840668207191,57.779999
07/09/2016 00:00:00,57.0932873776566,57.470001
08/09/2016 00:00:00,57.1024831003164,57.630001
09/09/2016 00:00:00,57.1116540555861,56.790001
12/09/2016 00:00:00,57.1208003101734,56
13/09/2016 00:00:00,57.1299219306059,56.5
14/09/2016 00:00:00,57.1390189832324,56.389999
15/09/2016 00:00:00,57.1480915342228,56.150002
16/09/2016 00:00:00,57.1571396495688,57.630001
19/09/2016 00:00:00,57.1661633950844,57.27
20/09/2016 00:00:00,57.1751628364063,57.349998
21/09/2016 00:00:00,57.1841380389944,57.509998
22/09/2016 00:00:00,57.1930890681325,57.919998
23/09/2016 00:00:00,57.2020159889282,57.869999
26/09/2016 00:00:00,57.2109188663141,57.080002
27/09/2016 00:00:00,57.2197977650476,56.93
28/09/2016 00:00:00,57.2286527497119,57.880001
29/09/2016 00:00:00,57.2374838847163,57.810001
30/09/2016 00:00:00,57.2462912342964,57.57
03/10/2016 00:00:00,57.2550748625149,57.41
04/10/2016 00:00:00,57.263834833262,57.27
05/10/2016 00:00:00,57.2725712102558,57.290001
06/10/2016 00:00:00,57.2812840570427,57.740002
07/10/2016 00:00:00,57.2899734369981,57.849998
10/10/2016 00:00:00,57.2986394133266,57.91
11/10/2016 00:00:00,57.3072820490626,57.889999
12/10/2016 00:00:00,57.3159014070706,57.110001
13/10/2016 00:00:00,57.3244975500461,56.700001
14/10/2016 00:00:00,57.3330705405153,57.119999
17/10/2016 00:00:00,57.3416204408364,57.360001
18/10/2016 00:00:00,57.3501473131994,57.529999
19/10/2016 00:00:00,57.3586512196269,57.470001
20/10/2016 00:00:00,57.3671322219745,57.5
21/10/2016 00:00:00,57.375590381931,60.279999
24/10/2016 00:00:00,57.3840257610193,59.939999
25/10/2016 00:00:00,57.3924384205963,60.849998
26/10/2016 00:00:00,57.400828421854,60.810001
27/10/2016 00:00:00,57.4091958258194,60.610001
28/10/2016 00:00:00,57.417540693355,60.009998
31/10/2016 00:00:00,57.4258630851596,60.16
01/11/2016 00:00:00,57.4341630617685,59.970001
02/11/2016 00:00:00,57.4424406835537,59.82
03/11/2016 00:00:00,57.450696010725,59.529999
04/11/2016 00:00:00,57.4589291033297,58.650002
07/11/2016 00:00:00,57.4671400212534,59.779999
08/11/2016 00:00:00,57.4753288242207,60.549999
09/11/2016 00:00:00,57.483495571795,60
10/11/2016 00:00:00,57.4916403233795,60.48
11/11/2016 00:00:00,57.4997631382172,58.23
14/11/2016 00:00:00,57.5078640753917,59.02
15/11/2016 00:00:00,57.5159431938275,58.330002
16/11/2016 00:00:00,57.5240005522902,58.939999
17/11/2016 00:00:00,57.5320362093873,60.41
18/11/2016 00:00:00,57.5400502235683,60.779999
21/11/2016 00:00:00,57.5480426531255,60.5
22/11/2016 00:00:00,57.5560135561939,60.98
23/11/2016 00:00:00,57.5639629907523,61.009998
25/11/2016 00:00:00,57.5718910146229,60.299999
28/11/2016 00:00:00,57.5797976854725,60.34
29/11/2016 00:00:00,57.5876830608125,60.650002
30/11/2016 00:00:00,57.5955471979992,60.860001
01/12/2016 00:00:00,57.6033901542348,60.110001
02/12/2016 00:00:00,57.6112119865671,59.080002
05/12/2016 00:00:00,57.6190127518904,59.700001
06/12/2016 00:00:00,57.6267925069457,60.43
07/12/2016 00:00:00,57.6345513083213,60.009998
08/12/2016 00:00:00,57.642289212453,61.299999
09/12/2016 00:00:00,57.6500062756244,61.18
